{"cameraMode":{"drawMode":0,"name":"Shaded","section":"Shading Mode"},"sceneLighting":false,"audioPlay":false,"sceneViewState":{"m_AlwaysRefresh":false,"showFog":true,"showSkybox":false,"showFlares":true,"showImageEffects":true,"showParticleSystems":true,"showVisualEffectGraphs":true,"m_FxEnabled":true},"in2DMode":false,"pivot":{"x":-0.03348056226968765,"y":0.15735802054405213,"z":-0.005793571472167969},"rotation":{"x":-0.5440477728843689,"y":-0.1362808644771576,"z":0.09008870273828507,"w":-0.8229942321777344},"size":0.42242491245269778,"orthographic":false}